{
    "drive": {
      "p": 0.0020645,
      "i": 0,
      "d": 0,
      "f": 0,
      "iz": 0
    },
    "angle": {
      "p": 0.003,
      "i": 0.0000,
      "d": 0.0000100001,
      "f": 0,
      "iz": 0
    }
  }